ka,loop,PGD,BVU,BVS,PUM,EQS,VEL,RWM,PKA,KYM,MAT,MGI
1002,1,5:30,5:35,5:37,5:39,5:41,5:43,5:46,Ls,Ls,Ls,5:57
1004,2,5:45,5:50,5:52,5:54,5:56,5:58,6:01,Ls,Ls,Ls,6:12
1006,3,6:00,6:05,6:07,6:09,6:11,6:13,6:16,Ls,Ls,Ls,6:27
1008,4,6:15,6:20,6:22,6:24,6:26,6:28,6:31,Ls,Ls,Ls,6:42
1010,5,6:30,6:35,6:37,6:39,6:41,6:43,6:46,Ls,Ls,Ls,6:57
1012,1,6:45,6:50,6:52,6:54,6:56,6:58,7:01,Ls,Ls,Ls,7:12
1014,2,7:00,7:05,7:07,7:09,7:11,7:13,7:16,Ls,Ls,Ls,7:27
1016,3,7:15,7:20,7:22,7:24,7:26,7:28,7:31,Ls,Ls,Ls,7:42
1018,4,7:30,7:35,7:37,7:39,7:41,7:43,7:46,Ls,Ls,Ls,7:57
1020,5,7:45,7:50,7:52,7:54,7:56,7:58,8:01,Ls,Ls,Ls,8:12
1022,1,8:00,8:05,8:07,8:09,8:11,8:13,8:16,Ls,Ls,Ls,8:27
1024,2,8:15,8:20,8:22,8:24,8:26,8:28,8:31,Ls,Ls,Ls,8:42
1026,3,8:30,8:35,8:37,8:39,8:41,8:43,8:46,Ls,Ls,Ls,8:57
1028,4,8:45,8:50,8:52,8:54,8:56,8:58,9:01,Ls,Ls,Ls,9:12
1030,5,9:00,9:05,9:07,9:09,9:11,9:13,9:16,Ls,Ls,Ls,9:27
1032,1,9:15,9:20,9:22,9:24,9:26,9:28,9:31,Ls,Ls,Ls,9:42
1034,2,9:30,9:35,9:37,9:39,9:41,9:43,9:46,Ls,Ls,Ls,9:57
1036,3,9:45,9:50,9:52,9:54,9:56,9:58,10:01,Ls,Ls,Ls,10:12
1038,4,10:00,10:05,10:07,10:09,10:11,10:13,10:16,Ls,Ls,Ls,10:27
1040,5,10:15,10:20,10:22,10:24,10:26,10:28,10:31,Ls,Ls,Ls,10:42
1042,1,10:30,10:35,10:37,10:39,10:41,10:43,10:46,Ls,Ls,Ls,10:57
1044,2,10:45,10:50,10:52,10:54,10:56,10:58,11:01,Ls,Ls,Ls,11:12
1046,3,11:00,11:05,11:07,11:09,11:11,11:13,11:16,Ls,Ls,Ls,11:27
1048,4,11:15,11:20,11:22,11:24,11:26,11:28,11:31,Ls,Ls,Ls,11:42
1050,5,11:30,11:35,11:37,11:39,11:41,11:43,11:46,Ls,Ls,Ls,11:57
1052,1,11:45,11:50,11:52,11:54,11:56,11:58,12:01,Ls,Ls,Ls,12:12
1054,2,12:00,12:05,12:07,12:09,12:11,12:13,12:16,Ls,Ls,Ls,12:27
1056,3,12:15,12:20,12:22,12:24,12:26,12:28,12:31,Ls,Ls,Ls,12:42
1058,4,12:30,12:35,12:37,12:39,12:41,12:43,12:46,Ls,Ls,Ls,12:57
1060,5,12:45,12:50,12:52,12:54,12:56,12:58,13:01,Ls,Ls,Ls,13:12
1062,1,13:00,13:05,13:07,13:09,13:11,13:13,13:16,Ls,Ls,Ls,13:27
1064,2,13:15,13:20,13:22,13:24,13:26,13:28,13:31,Ls,Ls,Ls,13:42
1066,3,13:30,13:35,13:37,13:39,13:41,13:43,13:46,Ls,Ls,Ls,13:57
1068,4,13:45,13:50,13:52,13:54,13:56,13:58,14:01,Ls,Ls,Ls,14:12
1070,5,14:00,14:05,14:07,14:09,14:11,14:13,14:16,Ls,Ls,Ls,14:27
1072,1,14:15,14:20,14:22,14:24,14:26,14:28,14:31,Ls,Ls,Ls,14:42
1074,2,14:30,14:35,14:37,14:39,14:41,14:43,14:46,Ls,Ls,Ls,14:57
1076,3,14:45,14:50,14:52,14:54,14:56,14:58,15:01,Ls,Ls,Ls,15:12
1078,4,15:00,15:05,15:07,15:09,15:11,15:13,15:16,Ls,Ls,Ls,15:27
1080,5,15:15,15:20,15:22,15:24,15:26,15:28,15:31,Ls,Ls,Ls,15:42
1082,1,15:30,15:35,15:37,15:39,15:41,15:43,15:46,Ls,Ls,Ls,15:57
1084,2,15:45,15:50,15:52,15:54,15:56,15:58,16:01,Ls,Ls,Ls,16:12
1086,3,16:00,16:05,16:07,16:09,16:11,16:13,16:16,Ls,Ls,Ls,16:27
1088,4,16:15,16:20,16:22,16:24,16:26,16:28,16:31,Ls,Ls,Ls,16:42
1090,5,16:30,16:35,16:37,16:39,16:41,16:43,16:46,Ls,Ls,Ls,16:57
1092,1,16:45,16:50,16:52,16:54,16:56,16:58,17:01,Ls,Ls,Ls,17:12
1094,2,17:00,17:05,17:07,17:09,17:11,17:13,17:16,Ls,Ls,Ls,17:27
1096,3,17:15,17:20,17:22,17:24,17:26,17:28,17:31,Ls,Ls,Ls,17:42
1098,4,17:30,17:35,17:37,17:39,17:41,17:43,17:46,Ls,Ls,Ls,17:57
1100,5,17:45,17:50,17:52,17:54,17:56,17:58,18:01,Ls,Ls,Ls,18:12
1102,1,18:00,18:05,18:07,18:09,18:11,18:13,18:16,Ls,Ls,Ls,18:27
1104,2,18:15,18:20,18:22,18:24,18:26,18:28,18:31,Ls,Ls,Ls,18:42
1106,3,18:30,18:35,18:37,18:39,18:41,18:43,18:46,Ls,Ls,Ls,18:57
1108,4,18:45,18:50,18:52,18:54,18:56,18:58,19:01,Ls,Ls,Ls,19:12
1110,5,19:00,19:05,19:07,19:09,19:11,19:13,19:16,Ls,Ls,Ls,19:27
1112,1,19:15,19:20,19:22,19:24,19:26,-,-,-,-,-,-
1114,2,19:30,19:35,19:37,19:39,19:41,-,-,-,-,-,-
1116,3,19:50,19:55,19:57,19:59,20:01,-,-,-,-,-,-
1118,4,20:00,20:05,20:07,20:09,20:11,-,-,-,-,-,-
1120,1,20:10,20:15,20:17,20:19,20:21,-,-,-,-,-,-
1122,2,20:20,20:25,20:27,20:29,20:31,-,-,-,-,-,-
1124,3,20:30,20:35,20:37,20:39,20:41,-,-,-,-,-,-
1126,4,20:40,20:45,20:47,20:49,20:51,-,-,-,-,-,-
1128,1,20:50,20:55,20:57,20:59,21:01,-,-,-,-,-,-
1130,2,21:00,21:05,21:07,21:09,21:11,-,-,-,-,-,-
1132,3,21:10,21:15,21:17,21:19,21:21,-,-,-,-,-,-
1134,4,21:20,21:25,21:27,21:29,21:31,-,-,-,-,-,-
1136,1,21:30,21:35,21:37,21:39,21:41,-,-,-,-,-,-
1138,2,21:40,21:45,21:47,21:49,21:51,-,-,-,-,-,-
1140,3,21:50,21:55,21:57,21:59,22:01,-,-,-,-,-,-
1142,4,22:00,22:05,22:07,22:09,22:11,-,-,-,-,-,-
1144,1,22:10,22:15,22:17,22:19,22:21,-,-,-,-,-,-
1146,2,22:20,22:25,22:27,22:29,22:31,-,-,-,-,-,-
