ka,loop,MGI,MAT,KYM,PKA,RWM,VEL,EQS,PUM,BVS,BVU,PGD
1003,1,6:10,Ls,Ls,Ls,6:21,6:24,6:26,6:28,6:30,6:33,6:37
1005,2,6:25,Ls,Ls,Ls,6:36,6:39,6:41,6:43,6:45,6:48,6:52
1007,3,6:40,Ls,Ls,Ls,6:51,6:54,6:56,6:58,7:00,7:03,7:07
1009,4,6:55,Ls,Ls,Ls,7:06,7:09,7:11,7:13,7:15,7:18,7:22
1011,5,7:10,Ls,Ls,Ls,7:21,7:24,7:26,7:28,7:30,7:33,7:37
1013,1,7:25,Ls,Ls,Ls,7:36,7:39,7:41,7:43,7:45,7:48,7:52
1015,2,7:40,Ls,Ls,Ls,7:51,7:54,7:56,7:58,8:00,8:03,8:07
1017,3,7:55,Ls,Ls,Ls,8:06,8:09,8:11,8:13,8:15,8:18,8:22
1019,4,8:10,Ls,Ls,Ls,8:21,8:24,8:26,8:28,8:30,8:33,8:37
1021,5,8:25,Ls,Ls,Ls,8:36,8:39,8:41,8:43,8:45,8:48,8:52
1023,1,8:40,Ls,Ls,Ls,8:51,8:54,8:56,8:58,9:00,9:03,9:07
1025,2,8:55,Ls,Ls,Ls,9:06,9:09,9:11,9:13,9:15,9:18,9:22
1027,3,9:10,Ls,Ls,Ls,9:21,9:24,9:26,9:28,9:30,9:33,9:37
1029,4,9:25,Ls,Ls,Ls,9:36,9:39,9:41,9:43,9:45,9:48,9:52
1031,5,9:40,Ls,Ls,Ls,9:51,9:54,9:56,9:58,10:00,10:03,10:07
1033,1,9:55,Ls,Ls,Ls,10:06,10:09,10:11,10:13,10:15,10:18,10:22
1035,2,10:10,Ls,Ls,Ls,10:21,10:24,10:26,10:28,10:30,10:33,10:37
1037,3,10:25,Ls,Ls,Ls,10:36,10:39,10:41,10:43,10:45,10:48,10:52
1039,4,10:40,Ls,Ls,Ls,10:51,10:54,10:56,10:58,11:00,11:03,11:07
1041,5,10:55,Ls,Ls,Ls,11:06,11:09,11:11,11:13,11:15,11:18,11:22
1043,1,11:10,Ls,Ls,Ls,11:21,11:24,11:26,11:28,11:30,11:33,11:37
1045,2,11:25,Ls,Ls,Ls,11:36,11:39,11:41,11:43,11:45,11:48,11:52
1047,3,11:40,Ls,Ls,Ls,11:51,11:54,11:56,11:58,12:00,12:03,12:07
1049,4,11:55,Ls,Ls,Ls,12:06,12:09,12:11,12:13,12:15,12:18,12:22
1051,5,12:10,Ls,Ls,Ls,12:21,12:24,12:26,12:28,12:30,12:33,12:37
1053,1,12:25,Ls,Ls,Ls,12:36,12:39,12:41,12:43,12:45,12:48,12:52
1055,2,12:40,Ls,Ls,Ls,12:51,12:54,12:56,12:58,13:00,13:03,13:07
1057,3,12:55,Ls,Ls,Ls,13:06,13:09,13:11,13:13,13:15,13:18,13:22
1059,4,13:10,Ls,Ls,Ls,13:21,13:24,13:26,13:28,13:30,13:33,13:37
1061,5,13:25,Ls,Ls,Ls,13:36,13:39,13:41,13:43,13:45,13:48,13:52
1063,1,13:40,Ls,Ls,Ls,13:51,13:54,13:56,13:58,14:00,14:03,14:07
1065,2,13:55,Ls,Ls,Ls,14:06,14:09,14:11,14:13,14:15,14:18,14:22
1067,3,14:10,Ls,Ls,Ls,14:21,14:24,14:26,14:28,14:30,14:33,14:37
1069,4,14:25,Ls,Ls,Ls,14:36,14:39,14:41,14:43,14:45,14:48,14:52
1071,5,14:40,Ls,Ls,Ls,14:51,14:54,14:56,14:58,15:00,15:03,15:07
1073,1,14:55,Ls,Ls,Ls,15:06,15:09,15:11,15:13,15:15,15:18,15:22
1075,2,15:10,Ls,Ls,Ls,15:21,15:24,15:26,15:28,15:30,15:33,15:37
1077,3,15:25,Ls,Ls,Ls,15:36,15:39,15:41,15:43,15:45,15:48,15:52
1079,4,15:40,Ls,Ls,Ls,15:51,15:54,15:56,15:58,16:00,16:03,16:07
1081,5,15:55,Ls,Ls,Ls,16:06,16:09,16:11,16:13,16:15,16:18,16:22
1083,1,16:10,Ls,Ls,Ls,16:21,16:24,16:26,16:28,16:30,16:33,16:37
1085,2,16:25,Ls,Ls,Ls,16:36,16:39,16:41,16:43,16:45,16:48,16:52
1087,3,16:40,Ls,Ls,Ls,16:51,16:54,16:56,16:58,17:00,17:03,17:07
1089,4,16:55,Ls,Ls,Ls,17:06,17:09,17:11,17:13,17:15,17:18,17:22
1091,5,17:10,Ls,Ls,Ls,17:21,17:24,17:26,17:28,17:30,17:33,17:37
1093,1,17:25,Ls,Ls,Ls,17:36,17:39,17:41,17:43,17:45,17:48,17:52
1095,2,17:40,Ls,Ls,Ls,17:51,17:54,17:56,17:58,18:00,18:03,18:07
1097,3,17:55,Ls,Ls,Ls,18:06,18:09,18:11,18:13,18:15,18:18,18:22
1099,4,18:10,Ls,Ls,Ls,18:21,18:24,18:26,18:28,18:30,18:33,18:37
1101,5,18:25,Ls,Ls,Ls,18:36,18:39,18:41,18:43,18:45,18:48,18:52
1103,1,18:40,Ls,Ls,Ls,18:51,18:54,18:56,18:58,19:00,19:03,19:07
1105,2,18:55,Ls,Ls,Ls,19:06,19:09,19:11,19:13,19:15,19:18,19:22
1107,3,19:10,Ls,Ls,Ls,19:21,19:24,19:26,19:28,19:30,19:33,19:37
1113,1,-,-,-,-,-,19:35,19:37,19:39,19:41,19:43,19:48
1109,4,19:25,Ls,Ls,Ls,19:36,19:39,19:41,19:43,19:45,19:48,19:52
1115,2,-,-,-,-,-,19:50,19:52,19:54,19:56,19:58,20:03
1111,5,19:40,Ls,Ls,Ls,19:51,19:54,19:56,19:58,20:00,20:03,20:07
1117,3,-,-,-,-,-,20:10,20:12,20:14,20:16,20:18,20:23
1119,4,-,-,-,-,-,20:20,20:22,20:24,20:26,20:28,20:33
1121,1,-,-,-,-,-,20:30,20:32,20:34,20:36,20:38,20:43
1123,2,-,-,-,-,-,20:40,20:42,20:44,20:46,20:48,20:53
1125,3,-,-,-,-,-,20:50,20:52,20:54,20:56,20:58,21:03
1127,4,-,-,-,-,-,21:00,21:02,21:04,21:06,21:08,21:13
1129,1,-,-,-,-,-,21:10,21:12,21:14,21:16,21:18,21:23
1131,2,-,-,-,-,-,21:20,21:22,21:24,21:26,21:28,21:33
1133,3,-,-,-,-,-,21:30,21:32,21:34,21:36,21:38,21:43
1135,4,-,-,-,-,-,21:40,21:42,21:44,21:46,21:48,21:53
1137,1,-,-,-,-,-,21:50,21:52,21:54,21:56,21:58,22:03
1139,2,-,-,-,-,-,22:00,22:02,22:04,22:06,22:08,22:13
1141,3,-,-,-,-,-,22:10,22:12,22:14,22:16,22:18,22:23
1143,4,-,-,-,-,-,22:20,22:22,22:24,22:26,22:28,22:33
1145,1,-,-,-,-,-,22:30,22:32,22:34,22:36,22:38,22:43
1147,2,-,-,-,-,-,22:40,22:42,22:44,22:46,22:48,22:53
